MARZO,B. PASIVO,14. Provision a,2110-0000-0000-00  Cuentas por pagar a corto plazo,2170-0000-0000-00  Provisión a Corto Plazo,2171-0001-0000-00,"-2,403,495.38","-1,960,638.62","14,967,187.37","-19,331,321.37"
JUNIO,B. PASIVO,10. Proveedores,2110-0000-0000-00  Cuentas por pagar a corto plazo,2112-0000-0000-00  Proveedores por Pagar a Corto Plazo,2112-0002-2011-00,0,"-949,396.18",0,"-949,396.18"
SEPTIEMBRE,E. EGRESOS,"27. Transferencias, ayudas y subsidios",5240-0000-0000-00  Ayudas Sociales,5243-0000-0000-00  Ayudas Sociales a Instituciones sin fines de lucro,5243-4451-1301-06,"316,778,800.00","-750,000.00",0,"316,028,800.00"
MARZO,B. PASIVO,10. Proveedores,2110-0000-0000-00  Cuentas por pagar a corto plazo,2112-0000-0000-00  Proveedores por Pagar a Corto Plazo,2112-0002-0402-00,0,"-623,729.68","729,510.48","-1,353,240.16"
SEPTIEMBRE,E. EGRESOS,26. Servicios Generales,5130-0000-0000-00  Servicios Generales,5138-0000-0000-00  Servicios Oficiales,5138-3831-2103-06,"12,951,649.73","-473,401.82",0,"12,478,247.91"
NOVIEMBRE,B. PASIVO,10. Proveedores,2110-0000-0000-00  Cuentas por pagar a corto plazo,2112-0000-0000-00  Proveedores por Pagar a Corto Plazo,2112-0002-2200-00,0,"-170,520.00",0,"-170,520.00"
SEPTIEMBRE,E. EGRESOS,24. Servicios personales,5110-0000-0000-00  Servicios Personales,5115-0000-0000-00  Otras Prestaciones Sociales y Económicas,5115-1714-1301-06,"2,079,277.74","-73,997.56",0,"2,005,280.18"
MARZO,B. PASIVO,10. Proveedores,2110-0000-0000-00  Cuentas por pagar a corto plazo,2112-0000-0000-00  Proveedores por Pagar a Corto Plazo,2112-0002-1601-00,0,"-71,647.40",0,"-71,647.40"
NOVIEMBRE,B. PASIVO,10. Proveedores,2110-0000-0000-00  Cuentas por pagar a corto plazo,2112-0000-0000-00  Proveedores por Pagar a Corto Plazo,2112-0002-0111-00,0,"-58,000.00",0,"-58,000.00"
NOVIEMBRE,B. PASIVO,13. Remuneraciones por pagar,2110-0000-0000-00  Cuentas por pagar a corto plazo,2111-0000-0000-00  Servicios personales a Pagar a Corto Plazo,2111-2031-0000-00,"-94,000.00","-48,000.00",0,"-142,000.00"
AGOSTO,E. EGRESOS,24. Servicios personales,5110-0000-0000-00  Servicios Personales,5115-0000-0000-00  Otras Prestaciones Sociales y Económicas,5115-1714-2401-06,"764,849.69","-47,720.44",0,"717,129.25"
JUNIO,B. PASIVO,15. Otros pasivos a corto plazo,2110-0000-0000-00  Cuentas por pagar a corto plazo,2119-0000-0000-00  Otras cuentas por Pagar a Corto Plazo,2119-4109-0000-00,"-121,160.00","-41,180.00",0,"-162,340.00"
OCTUBRE,E. EGRESOS,24. Servicios personales,5110-0000-0000-00  Servicios Personales,5115-0000-0000-00  Otras Prestaciones Sociales y Económicas,5115-1591-1503-06,"712,328.94","-39,573.83",0,"672,755.11"
OCTUBRE,E. EGRESOS,24. Servicios personales,5110-0000-0000-00  Servicios Personales,5115-0000-0000-00  Otras Prestaciones Sociales y Económicas,5115-1591-1504-06,"712,328.94","-39,573.83",0,"672,755.11"
OCTUBRE,E. EGRESOS,24. Servicios personales,5110-0000-0000-00  Servicios Personales,5115-0000-0000-00  Otras Prestaciones Sociales y Económicas,5115-1591-1505-06,"712,328.94","-39,573.83",0,"672,755.11"
MARZO,B. PASIVO,10. Proveedores,2110-0000-0000-00  Cuentas por pagar a corto plazo,2112-0000-0000-00  Proveedores por Pagar a Corto Plazo,2112-0002-0512-00,0,"-34,800.00",0,"-34,800.00"
JUNIO,B. PASIVO,10. Proveedores,2110-0000-0000-00  Cuentas por pagar a corto plazo,2112-0000-0000-00  Proveedores por Pagar a Corto Plazo,2112-0002-0512-00,0,"-34,800.00",0,"-34,800.00"
NOVIEMBRE,B. PASIVO,10. Proveedores,2110-0000-0000-00  Cuentas por pagar a corto plazo,2112-0000-0000-00  Proveedores por Pagar a Corto Plazo,2112-0002-0512-00,0,"-34,800.00",0,"-34,800.00"
OCTUBRE,A. ACTIVO,3. Deudores Diversos,1120-0000-0000-00  Derechos a recibir Efectivo o Equivalentes,1125-0000-0000-00  Deudores por Anticipos de la Tesorería a Corto Plazo,1125-2012-0036-00,0,"-34,500.00","-34,500.00",0
AGOSTO,B. PASIVO,15. Otros pasivos a corto plazo,2110-0000-0000-00  Cuentas por pagar a corto plazo,2119-0000-0000-00  Otras cuentas por Pagar a Corto Plazo,2119-4109-0000-00,"-222,210.00","-33,400.00",0,"-255,610.00"
JUNIO,A. ACTIVO,3. Deudores Diversos,1120-0000-0000-00  Derechos a recibir Efectivo o Equivalentes,1125-0000-0000-00  Deudores por Anticipos de la Tesorería a Corto Plazo,1125-1002-0000-00,0,"-29,740.00",0,"-29,740.00"
MARZO,B. PASIVO,15. Otros pasivos a corto plazo,2110-0000-0000-00  Cuentas por pagar a corto plazo,2119-0000-0000-00  Otras cuentas por Pagar a Corto Plazo,2119-4109-0000-00,"-39,760.00","-27,890.00",0,"-67,650.00"
MARZO,B. PASIVO,13. Remuneraciones por pagar,2110-0000-0000-00  Cuentas por pagar a corto plazo,2111-0000-0000-00  Servicios personales a Pagar a Corto Plazo,2111-2031-0000-00,"-61,000.00","-27,000.00",0,"-88,000.00"
ABRIL,B. PASIVO,10. Proveedores,2110-0000-0000-00  Cuentas por pagar a corto plazo,2112-0000-0000-00  Proveedores por Pagar a Corto Plazo,2112-0002-0319-00,0,"-24,940.00",0,"-24,940.00"
JUNIO,B. PASIVO,10. Proveedores,2110-0000-0000-00  Cuentas por pagar a corto plazo,2112-0000-0000-00  Proveedores por Pagar a Corto Plazo,2112-0002-0107-00,0,"-22,661.76",0,"-22,661.76"
NOVIEMBRE,E. EGRESOS,26. Servicios Generales,5130-0000-0000-00  Servicios Generales,"5135-0000-0000-00  Servicios de Instalación, Reparación, Mantenimiento y Conservación",5135-3531-2102-06,"433,886.42","-20,281.36",0,"413,605.07"
NOVIEMBRE,B. PASIVO,10. Proveedores,2110-0000-0000-00  Cuentas por pagar a corto plazo,2112-0000-0000-00  Proveedores por Pagar a Corto Plazo,2112-0002-1904-00,0,"-20,237.00","20,237.00","-40,474.00"
JULIO,E. EGRESOS,24. Servicios personales,5110-0000-0000-00  Servicios Personales,5115-0000-0000-00  Otras Prestaciones Sociales y Económicas,5115-1545-2106-06,"37,974.87","-20,100.57",0,"17,874.30"
JUNIO,A. ACTIVO,3. Deudores Diversos,1120-0000-0000-00  Derechos a recibir Efectivo o Equivalentes,1123-0000-0000-00  Deudores Diversos por Cobrar a Corto Plazo,1123-3001-0003-00,"40,000.00","-20,000.00",0,"20,000.00"
NOVIEMBRE,B. PASIVO,15. Otros pasivos a corto plazo,2110-0000-0000-00  Cuentas por pagar a corto plazo,2119-0000-0000-00  Otras cuentas por Pagar a Corto Plazo,2119-4104-0000-00,"-6,947.92","-16,674.96",0,"-23,622.88"
OCTUBRE,E. EGRESOS,24. Servicios personales,5110-0000-0000-00  Servicios Personales,5115-0000-0000-00  Otras Prestaciones Sociales y Económicas,5115-1591-1316-06,"281,511.84","-16,559.52",0,"264,952.32"
OCTUBRE,E. EGRESOS,24. Servicios personales,5110-0000-0000-00  Servicios Personales,5115-0000-0000-00  Otras Prestaciones Sociales y Económicas,5115-1591-1307-06,"298,071.36","-16,559.52",0,"281,511.84"
OCTUBRE,E. EGRESOS,24. Servicios personales,5110-0000-0000-00  Servicios Personales,5115-0000-0000-00  Otras Prestaciones Sociales y Económicas,5115-1591-1309-06,"298,071.36","-16,559.52",0,"281,511.84"
OCTUBRE,E. EGRESOS,24. Servicios personales,5110-0000-0000-00  Servicios Personales,5115-0000-0000-00  Otras Prestaciones Sociales y Económicas,5115-1591-1319-06,"298,071.36","-16,559.52",0,"281,511.84"
OCTUBRE,E. EGRESOS,24. Servicios personales,5110-0000-0000-00  Servicios Personales,5115-0000-0000-00  Otras Prestaciones Sociales y Económicas,5115-1591-1321-06,"298,071.36","-16,559.52",0,"281,511.84"
OCTUBRE,E. EGRESOS,24. Servicios personales,5110-0000-0000-00  Servicios Personales,5115-0000-0000-00  Otras Prestaciones Sociales y Económicas,5115-1591-1323-06,"298,071.36","-16,559.52",0,"281,511.84"
OCTUBRE,E. EGRESOS,24. Servicios personales,5110-0000-0000-00  Servicios Personales,5115-0000-0000-00  Otras Prestaciones Sociales y Económicas,5115-1591-1324-06,"298,071.36","-16,559.52",0,"281,511.84"
OCTUBRE,E. EGRESOS,24. Servicios personales,5110-0000-0000-00  Servicios Personales,5115-0000-0000-00  Otras Prestaciones Sociales y Económicas,5115-1591-1327-06,"298,071.36","-16,559.52",0,"281,511.84"
OCTUBRE,E. EGRESOS,24. Servicios personales,5110-0000-0000-00  Servicios Personales,5115-0000-0000-00  Otras Prestaciones Sociales y Económicas,5115-1591-1331-06,"298,071.36","-16,559.52",0,"281,511.84"
OCTUBRE,E. EGRESOS,24. Servicios personales,5110-0000-0000-00  Servicios Personales,5115-0000-0000-00  Otras Prestaciones Sociales y Económicas,5115-1591-1401-06,"298,071.36","-16,559.52",0,"281,511.84"
OCTUBRE,E. EGRESOS,24. Servicios personales,5110-0000-0000-00  Servicios Personales,5115-0000-0000-00  Otras Prestaciones Sociales y Económicas,5115-1591-1406-06,"298,071.36","-16,559.52",0,"281,511.84"
OCTUBRE,E. EGRESOS,24. Servicios personales,5110-0000-0000-00  Servicios Personales,5115-0000-0000-00  Otras Prestaciones Sociales y Económicas,5115-1591-1407-06,"298,071.36","-16,559.52",0,"281,511.84"
OCTUBRE,E. EGRESOS,24. Servicios personales,5110-0000-0000-00  Servicios Personales,5115-0000-0000-00  Otras Prestaciones Sociales y Económicas,5115-1591-1605-06,"298,071.36","-16,559.52",0,"281,511.84"
OCTUBRE,E. EGRESOS,24. Servicios personales,5110-0000-0000-00  Servicios Personales,5115-0000-0000-00  Otras Prestaciones Sociales y Económicas,5115-1591-1606-06,"298,071.36","-16,559.52",0,"281,511.84"
OCTUBRE,E. EGRESOS,24. Servicios personales,5110-0000-0000-00  Servicios Personales,5115-0000-0000-00  Otras Prestaciones Sociales y Económicas,5115-1591-1609-06,"298,071.36","-16,559.52",0,"281,511.84"
OCTUBRE,E. EGRESOS,24. Servicios personales,5110-0000-0000-00  Servicios Personales,5111-0000-0000-00  Remuneraciones al Personal de Carácter Permanente,5111-1131-1503-06,"265,371.85","-14,742.90",0,"250,628.95"
OCTUBRE,E. EGRESOS,24. Servicios personales,5110-0000-0000-00  Servicios Personales,5111-0000-0000-00  Remuneraciones al Personal de Carácter Permanente,5111-1131-1504-06,"265,371.85","-14,742.90",0,"250,628.95"
OCTUBRE,E. EGRESOS,24. Servicios personales,5110-0000-0000-00  Servicios Personales,5111-0000-0000-00  Remuneraciones al Personal de Carácter Permanente,5111-1131-1505-06,"265,371.85","-14,742.90",0,"250,628.95"
NOVIEMBRE,B. PASIVO,10. Proveedores,2110-0000-0000-00  Cuentas por pagar a corto plazo,2112-0000-0000-00  Proveedores por Pagar a Corto Plazo,2112-0002-2008-00,0,"-13,706.90",0,"-13,706.90"
JULIO,E. EGRESOS,24. Servicios personales,5110-0000-0000-00  Servicios Personales,5113-0000-0000-00  Remuneraciones Adicionales y Especiales,5113-1342-2401-06,"137,196.47","-13,226.40",0,"123,970.07"
AGOSTO,E. EGRESOS,24. Servicios personales,5110-0000-0000-00  Servicios Personales,5115-0000-0000-00  Otras Prestaciones Sociales y Económicas,5115-1714-2601-06,"1,021,180.29","-11,022.00",0,"1,010,158.29"
NOVIEMBRE,E. EGRESOS,26. Servicios Generales,5130-0000-0000-00  Servicios Generales,"5135-0000-0000-00  Servicios de Instalación, Reparación, Mantenimiento y Conservación",5135-3531-2101-06,"162,707.41","-7,605.50",0,"155,101.90"
NOVIEMBRE,E. EGRESOS,26. Servicios Generales,5130-0000-0000-00  Servicios Generales,"5135-0000-0000-00  Servicios de Instalación, Reparación, Mantenimiento y Conservación",5135-3531-2201-06,"162,707.41","-7,605.50",0,"155,101.90"
OCTUBRE,E. EGRESOS,24. Servicios personales,5110-0000-0000-00  Servicios Personales,5111-0000-0000-00  Remuneraciones al Personal de Carácter Permanente,5111-1131-1321-06,"113,646.63","-6,356.40",0,"107,290.23"
OCTUBRE,E. EGRESOS,24. Servicios personales,5110-0000-0000-00  Servicios Personales,5111-0000-0000-00  Remuneraciones al Personal de Carácter Permanente,5111-1131-1307-06,"114,415.25","-6,356.40",0,"108,058.85"
OCTUBRE,E. EGRESOS,24. Servicios personales,5110-0000-0000-00  Servicios Personales,5111-0000-0000-00  Remuneraciones al Personal de Carácter Permanente,5111-1131-1319-06,"114,415.25","-6,356.40",0,"108,058.85"
OCTUBRE,E. EGRESOS,24. Servicios personales,5110-0000-0000-00  Servicios Personales,5111-0000-0000-00  Remuneraciones al Personal de Carácter Permanente,5111-1131-1324-06,"114,415.25","-6,356.40",0,"108,058.85"
OCTUBRE,E. EGRESOS,24. Servicios personales,5110-0000-0000-00  Servicios Personales,5111-0000-0000-00  Remuneraciones al Personal de Carácter Permanente,5111-1131-1327-06,"114,415.25","-6,356.40",0,"108,058.85"
OCTUBRE,E. EGRESOS,24. Servicios personales,5110-0000-0000-00  Servicios Personales,5111-0000-0000-00  Remuneraciones al Personal de Carácter Permanente,5111-1131-1331-06,"114,415.25","-6,356.40",0,"108,058.85"
OCTUBRE,E. EGRESOS,24. Servicios personales,5110-0000-0000-00  Servicios Personales,5111-0000-0000-00  Remuneraciones al Personal de Carácter Permanente,5111-1131-1401-06,"114,415.25","-6,356.40",0,"108,058.85"
OCTUBRE,E. EGRESOS,24. Servicios personales,5110-0000-0000-00  Servicios Personales,5111-0000-0000-00  Remuneraciones al Personal de Carácter Permanente,5111-1131-1406-06,"114,415.25","-6,356.40",0,"108,058.85"
OCTUBRE,E. EGRESOS,24. Servicios personales,5110-0000-0000-00  Servicios Personales,5111-0000-0000-00  Remuneraciones al Personal de Carácter Permanente,5111-1131-1407-06,"114,415.25","-6,356.40",0,"108,058.85"
OCTUBRE,E. EGRESOS,24. Servicios personales,5110-0000-0000-00  Servicios Personales,5111-0000-0000-00  Remuneraciones al Personal de Carácter Permanente,5111-1131-1606-06,"114,415.25","-6,356.40",0,"108,058.85"
NOVIEMBRE,E. EGRESOS,26. Servicios Generales,5130-0000-0000-00  Servicios Generales,"5135-0000-0000-00  Servicios de Instalación, Reparación, Mantenimiento y Conservación",5135-3531-2104-06,"135,589.51","-6,337.93",0,"129,251.58"
NOVIEMBRE,E. EGRESOS,26. Servicios Generales,5130-0000-0000-00  Servicios Generales,"5135-0000-0000-00  Servicios de Instalación, Reparación, Mantenimiento y Conservación",5135-3531-2202-06,"108,471.61","-5,070.34",0,"103,401.27"
NOVIEMBRE,E. EGRESOS,26. Servicios Generales,5130-0000-0000-00  Servicios Generales,"5135-0000-0000-00  Servicios de Instalación, Reparación, Mantenimiento y Conservación",5135-3531-2203-06,"108,471.61","-5,070.34",0,"103,401.27"
NOVIEMBRE,E. EGRESOS,26. Servicios Generales,5130-0000-0000-00  Servicios Generales,"5135-0000-0000-00  Servicios de Instalación, Reparación, Mantenimiento y Conservación",5135-3531-2401-06,"108,471.61","-5,070.34",0,"103,401.27"
NOVIEMBRE,E. EGRESOS,26. Servicios Generales,5130-0000-0000-00  Servicios Generales,"5135-0000-0000-00  Servicios de Instalación, Reparación, Mantenimiento y Conservación",5135-3531-2402-06,"108,471.61","-5,070.34",0,"103,401.27"
MARZO,B. PASIVO,10. Proveedores,2110-0000-0000-00  Cuentas por pagar a corto plazo,2112-0000-0000-00  Proveedores por Pagar a Corto Plazo,2112-0002-0204-00,0,"-5,000.00",0,"-5,000.00"
NOVIEMBRE,B. PASIVO,10. Proveedores,2110-0000-0000-00  Cuentas por pagar a corto plazo,2112-0000-0000-00  Proveedores por Pagar a Corto Plazo,2112-0002-0204-00,0,"-5,000.00",0,"-5,000.00"
JULIO,E. EGRESOS,26. Servicios Generales,5130-0000-0000-00  Servicios Generales,"5135-0000-0000-00  Servicios de Instalación, Reparación, Mantenimiento y Conservación",5135-3553-2101-06,"16,206.11","-4,858.76",0,"11,347.35"
MARZO,B. PASIVO,10. Proveedores,2110-0000-0000-00  Cuentas por pagar a corto plazo,2112-0000-0000-00  Proveedores por Pagar a Corto Plazo,2112-0002-1309-00,0,"-4,500.00",0,"-4,500.00"
JUNIO,B. PASIVO,10. Proveedores,2110-0000-0000-00  Cuentas por pagar a corto plazo,2112-0000-0000-00  Proveedores por Pagar a Corto Plazo,2112-0002-1309-00,0,"-4,500.00",0,"-4,500.00"
NOVIEMBRE,B. PASIVO,10. Proveedores,2110-0000-0000-00  Cuentas por pagar a corto plazo,2112-0000-0000-00  Proveedores por Pagar a Corto Plazo,2112-0002-1309-00,0,"-4,500.00",0,"-4,500.00"
NOVIEMBRE,E. EGRESOS,26. Servicios Generales,5130-0000-0000-00  Servicios Generales,"5135-0000-0000-00  Servicios de Instalación, Reparación, Mantenimiento y Conservación",5135-3531-2105-06,"81,353.70","-3,802.76",0,"77,550.95"
NOVIEMBRE,E. EGRESOS,26. Servicios Generales,5130-0000-0000-00  Servicios Generales,"5135-0000-0000-00  Servicios de Instalación, Reparación, Mantenimiento y Conservación",5135-3531-2301-06,"81,353.70","-3,802.76",0,"77,550.95"
NOVIEMBRE,E. EGRESOS,26. Servicios Generales,5130-0000-0000-00  Servicios Generales,"5135-0000-0000-00  Servicios de Instalación, Reparación, Mantenimiento y Conservación",5135-3531-2302-06,"81,353.70","-3,802.76",0,"77,550.95"
NOVIEMBRE,E. EGRESOS,26. Servicios Generales,5130-0000-0000-00  Servicios Generales,"5135-0000-0000-00  Servicios de Instalación, Reparación, Mantenimiento y Conservación",5135-3531-2303-06,"81,353.70","-3,802.76",0,"77,550.95"
NOVIEMBRE,E. EGRESOS,26. Servicios Generales,5130-0000-0000-00  Servicios Generales,"5135-0000-0000-00  Servicios de Instalación, Reparación, Mantenimiento y Conservación",5135-3531-2304-06,"81,353.70","-3,802.76",0,"77,550.95"
NOVIEMBRE,E. EGRESOS,26. Servicios Generales,5130-0000-0000-00  Servicios Generales,"5135-0000-0000-00  Servicios de Instalación, Reparación, Mantenimiento y Conservación",5135-3531-2701-06,"81,353.70","-3,802.76",0,"77,550.95"
AGOSTO,E. EGRESOS,24. Servicios personales,5110-0000-0000-00  Servicios Personales,5113-0000-0000-00  Remuneraciones Adicionales y Especiales,5113-1321-1101-06,"509,589.56","-2,641.95",0,"506,947.61"
NOVIEMBRE,E. EGRESOS,26. Servicios Generales,5130-0000-0000-00  Servicios Generales,"5135-0000-0000-00  Servicios de Instalación, Reparación, Mantenimiento y Conservación",5135-3531-2705-06,"54,235.80","-2,535.14",0,"51,700.66"
NOVIEMBRE,E. EGRESOS,26. Servicios Generales,5130-0000-0000-00  Servicios Generales,"5135-0000-0000-00  Servicios de Instalación, Reparación, Mantenimiento y Conservación",5135-3531-2106-06,"27,117.90","-1,267.59",0,"25,850.31"
NOVIEMBRE,E. EGRESOS,26. Servicios Generales,5130-0000-0000-00  Servicios Generales,"5135-0000-0000-00  Servicios de Instalación, Reparación, Mantenimiento y Conservación",5135-3531-2204-06,"27,117.90","-1,267.59",0,"25,850.31"
NOVIEMBRE,E. EGRESOS,26. Servicios Generales,5130-0000-0000-00  Servicios Generales,"5135-0000-0000-00  Servicios de Instalación, Reparación, Mantenimiento y Conservación",5135-3531-2403-06,"27,117.90","-1,267.59",0,"25,850.31"
NOVIEMBRE,E. EGRESOS,26. Servicios Generales,5130-0000-0000-00  Servicios Generales,"5135-0000-0000-00  Servicios de Instalación, Reparación, Mantenimiento y Conservación",5135-3531-2501-06,"27,117.90","-1,267.59",0,"25,850.31"
NOVIEMBRE,E. EGRESOS,26. Servicios Generales,5130-0000-0000-00  Servicios Generales,"5135-0000-0000-00  Servicios de Instalación, Reparación, Mantenimiento y Conservación",5135-3531-2702-06,"27,117.90","-1,267.59",0,"25,850.31"
NOVIEMBRE,E. EGRESOS,26. Servicios Generales,5130-0000-0000-00  Servicios Generales,"5135-0000-0000-00  Servicios de Instalación, Reparación, Mantenimiento y Conservación",5135-3531-2703-06,"27,117.90","-1,267.59",0,"25,850.31"
NOVIEMBRE,E. EGRESOS,26. Servicios Generales,5130-0000-0000-00  Servicios Generales,"5135-0000-0000-00  Servicios de Instalación, Reparación, Mantenimiento y Conservación",5135-3531-2704-06,"27,117.90","-1,267.59",0,"25,850.31"
OCTUBRE,E. EGRESOS,24. Servicios personales,5110-0000-0000-00  Servicios Personales,5114-0000-0000-00  Seguridad Social,5114-1431-1309-06,"7,437.01",-413.17,0,"7,023.84"
FEBRERO,E. EGRESOS,24. Servicios personales,5110-0000-0000-00  Servicios Personales,5113-0000-0000-00  Remuneraciones Adicionales y Especiales,5113-1323-1101-06,"44,765.88",-242.02,0,"44,523.86"
ENERO,E. EGRESOS,24. Servicios personales,5110-0000-0000-00  Servicios Personales,5115-0000-0000-00  Otras Prestaciones Sociales y Económicas,5115-1545-2704-06,0,-1,0,-1
ENERO,E. EGRESOS,26. Servicios Generales,5130-0000-0000-00  Servicios Generales,"5135-0000-0000-00  Servicios de Instalación, Reparación, Mantenimiento y Conservación",5135-3571-2104-06,0,-0.27,0,-0.27
ENERO,E. EGRESOS,26. Servicios Generales,5130-0000-0000-00  Servicios Generales,"5135-0000-0000-00  Servicios de Instalación, Reparación, Mantenimiento y Conservación",5135-3571-2101-06,0,-0.04,0,-0.04
SEPTIEMBRE,E. EGRESOS,26. Servicios Generales,5130-0000-0000-00  Servicios Generales,"5135-0000-0000-00  Servicios de Instalación, Reparación, Mantenimiento y Conservación",5135-3553-2103-06,"104,402.87",-0.02,457.5,"103,945.35"
NOVIEMBRE,E. EGRESOS,24. Servicios personales,5110-0000-0000-00  Servicios Personales,5113-0000-0000-00  Remuneraciones Adicionales y Especiales,5113-1321-1101-06,"507,477.75",-0.01,0,"507,477.74"
SEPTIEMBRE,E. EGRESOS,26. Servicios Generales,5130-0000-0000-00  Servicios Generales,"5135-0000-0000-00  Servicios de Instalación, Reparación, Mantenimiento y Conservación",5135-3553-2101-06,"21,020.24",0,0,"21,020.23"
SEPTIEMBRE,E. EGRESOS,26. Servicios Generales,5130-0000-0000-00  Servicios Generales,"5135-0000-0000-00  Servicios de Instalación, Reparación, Mantenimiento y Conservación",5135-3553-2201-06,"26,545.24",0,0,"26,545.23"
SEPTIEMBRE,E. EGRESOS,26. Servicios Generales,5130-0000-0000-00  Servicios Generales,"5135-0000-0000-00  Servicios de Instalación, Reparación, Mantenimiento y Conservación",5135-3553-2104-06,"22,121.03",0,0,"22,121.03"
SEPTIEMBRE,E. EGRESOS,26. Servicios Generales,5130-0000-0000-00  Servicios Generales,"5135-0000-0000-00  Servicios de Instalación, Reparación, Mantenimiento y Conservación",5135-3553-2202-06,"17,696.82",0,0,"17,696.82"
SEPTIEMBRE,E. EGRESOS,26. Servicios Generales,5130-0000-0000-00  Servicios Generales,"5135-0000-0000-00  Servicios de Instalación, Reparación, Mantenimiento y Conservación",5135-3553-2203-06,"17,696.82",0,0,"17,696.82"
SEPTIEMBRE,E. EGRESOS,26. Servicios Generales,5130-0000-0000-00  Servicios Generales,"5135-0000-0000-00  Servicios de Instalación, Reparación, Mantenimiento y Conservación",5135-3553-2401-06,"17,696.82",0,0,"17,696.82"
SEPTIEMBRE,E. EGRESOS,26. Servicios Generales,5130-0000-0000-00  Servicios Generales,"5135-0000-0000-00  Servicios de Instalación, Reparación, Mantenimiento y Conservación",5135-3553-2402-06,"17,696.82",0,0,"17,696.82"
SEPTIEMBRE,E. EGRESOS,26. Servicios Generales,5130-0000-0000-00  Servicios Generales,"5135-0000-0000-00  Servicios de Instalación, Reparación, Mantenimiento y Conservación",5135-3553-2105-06,"13,272.62",0,0,"13,272.62"
SEPTIEMBRE,E. EGRESOS,26. Servicios Generales,5130-0000-0000-00  Servicios Generales,"5135-0000-0000-00  Servicios de Instalación, Reparación, Mantenimiento y Conservación",5135-3553-2301-06,"13,272.62",0,0,"13,272.62"
SEPTIEMBRE,E. EGRESOS,26. Servicios Generales,5130-0000-0000-00  Servicios Generales,"5135-0000-0000-00  Servicios de Instalación, Reparación, Mantenimiento y Conservación",5135-3553-2302-06,"13,272.62",0,0,"13,272.62"
SEPTIEMBRE,E. EGRESOS,26. Servicios Generales,5130-0000-0000-00  Servicios Generales,"5135-0000-0000-00  Servicios de Instalación, Reparación, Mantenimiento y Conservación",5135-3553-2303-06,"13,272.62",0,0,"13,272.62"
SEPTIEMBRE,E. EGRESOS,26. Servicios Generales,5130-0000-0000-00  Servicios Generales,"5135-0000-0000-00  Servicios de Instalación, Reparación, Mantenimiento y Conservación",5135-3553-2304-06,"13,272.62",0,0,"13,272.62"
SEPTIEMBRE,E. EGRESOS,26. Servicios Generales,5130-0000-0000-00  Servicios Generales,"5135-0000-0000-00  Servicios de Instalación, Reparación, Mantenimiento y Conservación",5135-3553-2701-06,"13,272.62",0,0,"13,272.62"
SEPTIEMBRE,E. EGRESOS,26. Servicios Generales,5130-0000-0000-00  Servicios Generales,"5135-0000-0000-00  Servicios de Instalación, Reparación, Mantenimiento y Conservación",5135-3553-2705-06,"8,848.41",0,0,"8,848.41"
SEPTIEMBRE,E. EGRESOS,26. Servicios Generales,5130-0000-0000-00  Servicios Generales,"5135-0000-0000-00  Servicios de Instalación, Reparación, Mantenimiento y Conservación",5135-3553-2106-06,"4,424.21",0,0,"4,424.21"
SEPTIEMBRE,E. EGRESOS,26. Servicios Generales,5130-0000-0000-00  Servicios Generales,"5135-0000-0000-00  Servicios de Instalación, Reparación, Mantenimiento y Conservación",5135-3553-2204-06,"4,424.21",0,0,"4,424.21"
SEPTIEMBRE,E. EGRESOS,26. Servicios Generales,5130-0000-0000-00  Servicios Generales,"5135-0000-0000-00  Servicios de Instalación, Reparación, Mantenimiento y Conservación",5135-3553-2403-06,"4,424.21",0,0,"4,424.21"
SEPTIEMBRE,E. EGRESOS,26. Servicios Generales,5130-0000-0000-00  Servicios Generales,"5135-0000-0000-00  Servicios de Instalación, Reparación, Mantenimiento y Conservación",5135-3553-2501-06,"4,424.21",0,0,"4,424.21"
SEPTIEMBRE,E. EGRESOS,26. Servicios Generales,5130-0000-0000-00  Servicios Generales,"5135-0000-0000-00  Servicios de Instalación, Reparación, Mantenimiento y Conservación",5135-3553-2702-06,"4,424.21",0,0,"4,424.21"
SEPTIEMBRE,E. EGRESOS,26. Servicios Generales,5130-0000-0000-00  Servicios Generales,"5135-0000-0000-00  Servicios de Instalación, Reparación, Mantenimiento y Conservación",5135-3553-2703-06,"4,424.21",0,0,"4,424.21"
SEPTIEMBRE,E. EGRESOS,26. Servicios Generales,5130-0000-0000-00  Servicios Generales,"5135-0000-0000-00  Servicios de Instalación, Reparación, Mantenimiento y Conservación",5135-3553-2704-06,"4,424.21",0,0,"4,424.21"
NOVIEMBRE,B. PASIVO,10. Proveedores,2110-0000-0000-00  Cuentas por pagar a corto plazo,2112-0000-0000-00  Proveedores por Pagar a Corto Plazo,2112-0002-2003-00,"-347,931.56",0,"-347,931.56",0
NOVIEMBRE,B. PASIVO,10. Proveedores,2110-0000-0000-00  Cuentas por pagar a corto plazo,2112-0000-0000-00  Proveedores por Pagar a Corto Plazo,2112-0002-2401-00,"-27,825.00",0,"-27,825.00",0
ABRIL,B. PASIVO,11. Impuestos y Derechos por pagar,2110-0000-0000-00  Cuentas por pagar a corto plazo,2117-0000-0000-00  Retenciones y Contribuciones por Pagar a Corto Plazo,2117-1005-0000-00,"-16,101.50",0,-801.89,"-15,299.62"
ENERO,C. PATRIMONIO,16. Patrimonio,3110-0000-0000-00  Aportaciones,3110-0000-0000-00  Aportaciones,3110-0001-0000-00,"-61,248,490.53",0,0,"-61,248,490.53"
FEBRERO,C. PATRIMONIO,16. Patrimonio,3110-0000-0000-00  Aportaciones,3110-0000-0000-00  Aportaciones,3110-0001-0000-00,"-61,248,490.53",0,0,"-61,248,490.53"
MARZO,C. PATRIMONIO,16. Patrimonio,3110-0000-0000-00  Aportaciones,3110-0000-0000-00  Aportaciones,3110-0001-0000-00,"-61,248,490.53",0,0,"-61,248,490.53"
ABRIL,C. PATRIMONIO,16. Patrimonio,3110-0000-0000-00  Aportaciones,3110-0000-0000-00  Aportaciones,3110-0001-0000-00,"-61,248,490.53",0,0,"-61,248,490.53"
MAYO,C. PATRIMONIO,16. Patrimonio,3110-0000-0000-00  Aportaciones,3110-0000-0000-00  Aportaciones,3110-0001-0000-00,"-61,248,490.53",0,0,"-61,248,490.53"
JUNIO,C. PATRIMONIO,16. Patrimonio,3110-0000-0000-00  Aportaciones,3110-0000-0000-00  Aportaciones,3110-0001-0000-00,"-61,248,490.53",0,0,"-61,248,490.53"
JULIO,C. PATRIMONIO,16. Patrimonio,3110-0000-0000-00  Aportaciones,3110-0000-0000-00  Aportaciones,3110-0001-0000-00,"-61,248,490.53",0,0,"-61,248,490.53"
AGOSTO,C. PATRIMONIO,16. Patrimonio,3110-0000-0000-00  Aportaciones,3110-0000-0000-00  Aportaciones,3110-0001-0000-00,"-61,248,490.53",0,0,"-61,248,490.53"
DICIEMBRE,C. PATRIMONIO,16. Patrimonio,3110-0000-0000-00  Aportaciones,3110-0000-0000-00  Aportaciones,3110-0001-0000-00,"-61,248,490.53",0,0,"-61,248,490.53"
NOVIEMBRE,C. PATRIMONIO,16. Patrimonio,3110-0000-0000-00  Aportaciones,3110-0000-0000-00  Aportaciones,3110-0001-0000-00,"-61,248,490.53",0,0,"-61,248,490.53"
OCTUBRE,C. PATRIMONIO,16. Patrimonio,3110-0000-0000-00  Aportaciones,3110-0000-0000-00  Aportaciones,3110-0001-0000-00,"-61,248,490.53",0,0,"-61,248,490.53"
SEPTIEMBRE,C. PATRIMONIO,16. Patrimonio,3110-0000-0000-00  Aportaciones,3110-0000-0000-00  Aportaciones,3110-0001-0000-00,"-61,248,490.53",0,0,"-61,248,490.53"
ENERO,C. PATRIMONIO,18. Resultado de ejercicios anteriores,3220-0000-0000-00  Resultados de Ejercicios Anteriores,3220-0000-0000-00  Resultados de Ejercicios Anteriores,3220-0001-0000-00,"-9,167,784.35",0,0,"-9,167,784.35"
JULIO,A. ACTIVO,8. Depreciacion y Amortizacion acumulada de bienes,"1260-0000-0000-00  Depreciación, Deterioro y Amortización Acumulada de Bienes e Intangibles",1265-0000-0000-00  Amortización Acumulada de Activos Intangibles,1265-1000-0000-00,"-6,556,255.35",0,0,"-6,556,255.35"
AGOSTO,A. ACTIVO,8. Depreciacion y Amortizacion acumulada de bienes,"1260-0000-0000-00  Depreciación, Deterioro y Amortización Acumulada de Bienes e Intangibles",1265-0000-0000-00  Amortización Acumulada de Activos Intangibles,1265-1000-0000-00,"-6,556,255.35",0,0,"-6,556,255.35"
FEBRERO,A. ACTIVO,"4. Almacen, inventario de Materiales y suministros",1150-0000-0000-00  Almacenes,1151-0000-0000-00  Almacén de Materiales y Suministros de Consumo,1151-0006-0000-00,"-2,731,462.19",0,0,"-2,731,462.19"
ENERO,B. PASIVO,15. Otros pasivos a corto plazo,2110-0000-0000-00  Cuentas por pagar a corto plazo,2119-0000-0000-00  Otras cuentas por Pagar a Corto Plazo,2119-4109-0000-00,"-1,495,420.00",0,0,"-1,495,420.00"
ENERO,B. PASIVO,10. Proveedores,2110-0000-0000-00  Cuentas por pagar a corto plazo,2112-0000-0000-00  Proveedores por Pagar a Corto Plazo,2112-0002-2011-00,"-949,396.18",0,0,"-949,396.18"
ENERO,B. PASIVO,10. Proveedores,2110-0000-0000-00  Cuentas por pagar a corto plazo,2112-0000-0000-00  Proveedores por Pagar a Corto Plazo,2112-0002-0900-00,"-704,700.00",0,0,"-704,700.00"
ENERO,B. PASIVO,10. Proveedores,2110-0000-0000-00  Cuentas por pagar a corto plazo,2112-0000-0000-00  Proveedores por Pagar a Corto Plazo,2112-0002-1102-00,"-674,600.34",0,0,"-674,600.34"
FEBRERO,B. PASIVO,10. Proveedores,2110-0000-0000-00  Cuentas por pagar a corto plazo,2112-0000-0000-00  Proveedores por Pagar a Corto Plazo,2112-0002-0713-00,"-633,310.00",0,0,"-633,310.00"
MARZO,B. PASIVO,10. Proveedores,2110-0000-0000-00  Cuentas por pagar a corto plazo,2112-0000-0000-00  Proveedores por Pagar a Corto Plazo,2112-0002-0713-00,"-633,310.00",0,0,"-633,310.00"
ABRIL,B. PASIVO,10. Proveedores,2110-0000-0000-00  Cuentas por pagar a corto plazo,2112-0000-0000-00  Proveedores por Pagar a Corto Plazo,2112-0002-0713-00,"-633,310.00",0,0,"-633,310.00"
ENERO,B. PASIVO,10. Proveedores,2110-0000-0000-00  Cuentas por pagar a corto plazo,2112-0000-0000-00  Proveedores por Pagar a Corto Plazo,2112-0002-0700-00,"-624,869.96",0,0,"-624,869.96"
ENERO,B. PASIVO,10. Proveedores,2110-0000-0000-00  Cuentas por pagar a corto plazo,2112-0000-0000-00  Proveedores por Pagar a Corto Plazo,2112-0002-0406-00,"-558,400.00",0,0,"-558,400.00"
NOVIEMBRE,E. EGRESOS,25. Materiales y suministros,5120-0000-0000-00  Materiales y Suministros,5124-0000-0000-00  Materiales y Artículos de Construcción y Reparación,5124-2491-2103-06,"-470,579.44",0,0,"-470,579.44"
OCTUBRE,E. EGRESOS,25. Materiales y suministros,5120-0000-0000-00  Materiales y Suministros,5124-0000-0000-00  Materiales y Artículos de Construcción y Reparación,5124-2491-2103-06,"-470,579.44",0,0,"-470,579.44"
SEPTIEMBRE,E. EGRESOS,25. Materiales y suministros,5120-0000-0000-00  Materiales y Suministros,5124-0000-0000-00  Materiales y Artículos de Construcción y Reparación,5124-2491-2103-06,"-470,579.44",0,0,"-470,579.44"
MARZO,C. PATRIMONIO,18. Resultado de ejercicios anteriores,3220-0000-0000-00  Resultados de Ejercicios Anteriores,3220-0000-0000-00  Resultados de Ejercicios Anteriores,3220-0001-0000-00,"-437,072.34",0,0,"-437,072.34"
ABRIL,C. PATRIMONIO,18. Resultado de ejercicios anteriores,3220-0000-0000-00  Resultados de Ejercicios Anteriores,3220-0000-0000-00  Resultados de Ejercicios Anteriores,3220-0001-0000-00,"-437,072.34",0,0,"-437,072.34"
MAYO,C. PATRIMONIO,18. Resultado de ejercicios anteriores,3220-0000-0000-00  Resultados de Ejercicios Anteriores,3220-0000-0000-00  Resultados de Ejercicios Anteriores,3220-0001-0000-00,"-437,072.34",0,0,"-437,072.34"
JUNIO,C. PATRIMONIO,18. Resultado de ejercicios anteriores,3220-0000-0000-00  Resultados de Ejercicios Anteriores,3220-0000-0000-00  Resultados de Ejercicios Anteriores,3220-0001-0000-00,"-437,072.34",0,0,"-437,072.34"
JULIO,C. PATRIMONIO,18. Resultado de ejercicios anteriores,3220-0000-0000-00  Resultados de Ejercicios Anteriores,3220-0000-0000-00  Resultados de Ejercicios Anteriores,3220-0001-0000-00,"-437,072.34",0,0,"-437,072.34"
AGOSTO,C. PATRIMONIO,18. Resultado de ejercicios anteriores,3220-0000-0000-00  Resultados de Ejercicios Anteriores,3220-0000-0000-00  Resultados de Ejercicios Anteriores,3220-0001-0000-00,"-437,072.34",0,0,"-437,072.34"
DICIEMBRE,C. PATRIMONIO,18. Resultado de ejercicios anteriores,3220-0000-0000-00  Resultados de Ejercicios Anteriores,3220-0000-0000-00  Resultados de Ejercicios Anteriores,3220-0001-0000-00,"-437,072.34",0,0,"-437,072.34"
NOVIEMBRE,C. PATRIMONIO,18. Resultado de ejercicios anteriores,3220-0000-0000-00  Resultados de Ejercicios Anteriores,3220-0000-0000-00  Resultados de Ejercicios Anteriores,3220-0001-0000-00,"-437,072.34",0,0,"-437,072.34"
OCTUBRE,C. PATRIMONIO,18. Resultado de ejercicios anteriores,3220-0000-0000-00  Resultados de Ejercicios Anteriores,3220-0000-0000-00  Resultados de Ejercicios Anteriores,3220-0001-0000-00,"-437,072.34",0,0,"-437,072.34"
SEPTIEMBRE,C. PATRIMONIO,18. Resultado de ejercicios anteriores,3220-0000-0000-00  Resultados de Ejercicios Anteriores,3220-0000-0000-00  Resultados de Ejercicios Anteriores,3220-0001-0000-00,"-437,072.34",0,0,"-437,072.34"
NOVIEMBRE,D. INGRESOS,23. Otros Ingresos,4390-0000-0000-00  Otros Ingresos y Beneficios Varios,4399-0000-0000-00  Otros Ingresos y Beneficios Varios,4399-0001-0000-00,"-413,062.09",0,0,"-413,062.09"
ENERO,B. PASIVO,10. Proveedores,2110-0000-0000-00  Cuentas por pagar a corto plazo,2112-0000-0000-00  Proveedores por Pagar a Corto Plazo,2112-0002-1610-00,"-407,392.00",0,0,"-407,392.00"
ENERO,B. PASIVO,10. Proveedores,2110-0000-0000-00  Cuentas por pagar a corto plazo,2112-0000-0000-00  Proveedores por Pagar a Corto Plazo,2112-0002-0303-00,"-400,000.00",0,0,"-400,000.00"
ENERO,B. PASIVO,10. Proveedores,2110-0000-0000-00  Cuentas por pagar a corto plazo,2112-0000-0000-00  Proveedores por Pagar a Corto Plazo,2112-0002-0703-00,"-344,520.00",0,0,"-344,520.00"
ENERO,B. PASIVO,10. Proveedores,2110-0000-0000-00  Cuentas por pagar a corto plazo,2112-0000-0000-00  Proveedores por Pagar a Corto Plazo,2112-0002-1608-00,"-324,800.00",0,0,"-324,800.00"
NOVIEMBRE,B. PASIVO,15. Otros pasivos a corto plazo,2110-0000-0000-00  Cuentas por pagar a corto plazo,2119-0000-0000-00  Otras cuentas por Pagar a Corto Plazo,2119-4109-0000-00,"-322,810.00",0,0,"-322,810.00"
ENERO,B. PASIVO,10. Proveedores,2110-0000-0000-00  Cuentas por pagar a corto plazo,2112-0000-0000-00  Proveedores por Pagar a Corto Plazo,2112-0002-0516-00,"-270,000.00",0,0,"-270,000.00"
FEBRERO,B. PASIVO,10. Proveedores,2110-0000-0000-00  Cuentas por pagar a corto plazo,2112-0000-0000-00  Proveedores por Pagar a Corto Plazo,2112-0002-0910-00,"-257,028.16",0,0,"-257,028.16"
MARZO,B. PASIVO,10. Proveedores,2110-0000-0000-00  Cuentas por pagar a corto plazo,2112-0000-0000-00  Proveedores por Pagar a Corto Plazo,2112-0002-0910-00,"-257,028.16",0,0,"-257,028.16"
ABRIL,B. PASIVO,10. Proveedores,2110-0000-0000-00  Cuentas por pagar a corto plazo,2112-0000-0000-00  Proveedores por Pagar a Corto Plazo,2112-0002-0327-00,"-225,475.90",0,0,"-225,475.90"
MARZO,B. PASIVO,12. Cuotas de seguridad social,2110-0000-0000-00  Cuentas por pagar a corto plazo,2170-0000-0000-00  Provisión a Corto Plazo,2171-0003-0000-00,"-179,540.79",0,0,"-179,540.79"
ABRIL,B. PASIVO,12. Cuotas de seguridad social,2110-0000-0000-00  Cuentas por pagar a corto plazo,2170-0000-0000-00  Provisión a Corto Plazo,2171-0003-0000-00,"-179,540.79",0,0,"-179,540.79"
DICIEMBRE,E. EGRESOS,25. Materiales y suministros,5120-0000-0000-00  Materiales y Suministros,"5127-0000-0000-00  Vestuarios, Blancos, Prendas de Protección y Artículos Deportivos",5127-2711-1101-06,"-175,328.70",0,0,"-175,328.70"
NOVIEMBRE,E. EGRESOS,25. Materiales y suministros,5120-0000-0000-00  Materiales y Suministros,"5127-0000-0000-00  Vestuarios, Blancos, Prendas de Protección y Artículos Deportivos",5127-2711-1101-06,"-175,328.70",0,0,"-175,328.70"
OCTUBRE,E. EGRESOS,25. Materiales y suministros,5120-0000-0000-00  Materiales y Suministros,"5127-0000-0000-00  Vestuarios, Blancos, Prendas de Protección y Artículos Deportivos",5127-2711-1101-06,"-175,328.70",0,0,"-175,328.70"
AGOSTO,E. EGRESOS,25. Materiales y suministros,5120-0000-0000-00  Materiales y Suministros,"5127-0000-0000-00  Vestuarios, Blancos, Prendas de Protección y Artículos Deportivos",5127-2711-1101-06,"-175,328.69",0,0,"-175,328.69"
JUNIO,B. PASIVO,10. Proveedores,2110-0000-0000-00  Cuentas por pagar a corto plazo,2112-0000-0000-00  Proveedores por Pagar a Corto Plazo,2112-0002-1802-00,"-171,464.24",0,0,"-171,464.24"
MAYO,D. INGRESOS,23. Otros Ingresos,4390-0000-0000-00  Otros Ingresos y Beneficios Varios,4399-0000-0000-00  Otros Ingresos y Beneficios Varios,4399-0001-0000-00,"-154,562.64",0,0,"-154,562.64"
AGOSTO,B. PASIVO,10. Proveedores,2110-0000-0000-00  Cuentas por pagar a corto plazo,2112-0000-0000-00  Proveedores por Pagar a Corto Plazo,2112-0002-0511-00,"-139,200.00",0,0,"-139,200.00"
ENERO,B. PASIVO,10. Proveedores,2110-0000-0000-00  Cuentas por pagar a corto plazo,2112-0000-0000-00  Proveedores por Pagar a Corto Plazo,2112-0002-1308-00,"-111,300.00",0,0,"-111,300.00"
ENERO,B. PASIVO,15. Otros pasivos a corto plazo,2110-0000-0000-00  Cuentas por pagar a corto plazo,2119-0000-0000-00  Otras cuentas por Pagar a Corto Plazo,2119-4206-0000-00,"-107,932.68",0,0,"-107,932.68"
FEBRERO,B. PASIVO,15. Otros pasivos a corto plazo,2110-0000-0000-00  Cuentas por pagar a corto plazo,2119-0000-0000-00  Otras cuentas por Pagar a Corto Plazo,2119-4206-0000-00,"-107,932.68",0,0,"-107,932.68"
MARZO,B. PASIVO,15. Otros pasivos a corto plazo,2110-0000-0000-00  Cuentas por pagar a corto plazo,2119-0000-0000-00  Otras cuentas por Pagar a Corto Plazo,2119-4206-0000-00,"-107,932.68",0,0,"-107,932.68"
ABRIL,B. PASIVO,15. Otros pasivos a corto plazo,2110-0000-0000-00  Cuentas por pagar a corto plazo,2119-0000-0000-00  Otras cuentas por Pagar a Corto Plazo,2119-4206-0000-00,"-107,932.68",0,0,"-107,932.68"
MAYO,B. PASIVO,15. Otros pasivos a corto plazo,2110-0000-0000-00  Cuentas por pagar a corto plazo,2119-0000-0000-00  Otras cuentas por Pagar a Corto Plazo,2119-4206-0000-00,"-107,932.68",0,0,"-107,932.68"
JUNIO,B. PASIVO,15. Otros pasivos a corto plazo,2110-0000-0000-00  Cuentas por pagar a corto plazo,2119-0000-0000-00  Otras cuentas por Pagar a Corto Plazo,2119-4206-0000-00,"-107,932.68",0,0,"-107,932.68"
JULIO,B. PASIVO,15. Otros pasivos a corto plazo,2110-0000-0000-00  Cuentas por pagar a corto plazo,2119-0000-0000-00  Otras cuentas por Pagar a Corto Plazo,2119-4206-0000-00,"-107,932.68",0,0,"-107,932.68"
AGOSTO,B. PASIVO,15. Otros pasivos a corto plazo,2110-0000-0000-00  Cuentas por pagar a corto plazo,2119-0000-0000-00  Otras cuentas por Pagar a Corto Plazo,2119-4206-0000-00,"-107,932.68",0,0,"-107,932.68"
OCTUBRE,B. PASIVO,15. Otros pasivos a corto plazo,2110-0000-0000-00  Cuentas por pagar a corto plazo,2119-0000-0000-00  Otras cuentas por Pagar a Corto Plazo,2119-4206-0000-00,"-107,932.68",0,0,"-107,932.68"
SEPTIEMBRE,B. PASIVO,15. Otros pasivos a corto plazo,2110-0000-0000-00  Cuentas por pagar a corto plazo,2119-0000-0000-00  Otras cuentas por Pagar a Corto Plazo,2119-4206-0000-00,"-107,932.68",0,0,"-107,932.68"
ENERO,B. PASIVO,15. Otros pasivos a corto plazo,2110-0000-0000-00  Cuentas por pagar a corto plazo,2119-0000-0000-00  Otras cuentas por Pagar a Corto Plazo,2119-2000-0000-00,"-101,512.09",0,0,"-101,512.09"
ENERO,B. PASIVO,10. Proveedores,2110-0000-0000-00  Cuentas por pagar a corto plazo,2112-0000-0000-00  Proveedores por Pagar a Corto Plazo,2112-0002-0601-00,"-100,000.00",0,0,"-100,000.00"
ENERO,B. PASIVO,10. Proveedores,2110-0000-0000-00  Cuentas por pagar a corto plazo,2112-0000-0000-00  Proveedores por Pagar a Corto Plazo,2112-0002-0407-00,"-80,303.99",0,0,"-80,303.99"
FEBRERO,B. PASIVO,10. Proveedores,2110-0000-0000-00  Cuentas por pagar a corto plazo,2112-0000-0000-00  Proveedores por Pagar a Corto Plazo,2112-0002-1300-00,"-78,565.87",0,0,"-78,565.87"
MAYO,B. PASIVO,10. Proveedores,2110-0000-0000-00  Cuentas por pagar a corto plazo,2112-0000-0000-00  Proveedores por Pagar a Corto Plazo,2112-0002-1300-00,"-78,565.87",0,0,"-78,565.87"
JUNIO,B. PASIVO,10. Proveedores,2110-0000-0000-00  Cuentas por pagar a corto plazo,2112-0000-0000-00  Proveedores por Pagar a Corto Plazo,2112-0002-1300-00,"-78,565.87",0,0,"-78,565.87"
JULIO,B. PASIVO,10. Proveedores,2110-0000-0000-00  Cuentas por pagar a corto plazo,2112-0000-0000-00  Proveedores por Pagar a Corto Plazo,2112-0002-1300-00,"-78,565.87",0,0,"-78,565.87"
AGOSTO,B. PASIVO,10. Proveedores,2110-0000-0000-00  Cuentas por pagar a corto plazo,2112-0000-0000-00  Proveedores por Pagar a Corto Plazo,2112-0002-1300-00,"-78,565.87",0,0,"-78,565.87"
NOVIEMBRE,B. PASIVO,10. Proveedores,2110-0000-0000-00  Cuentas por pagar a corto plazo,2112-0000-0000-00  Proveedores por Pagar a Corto Plazo,2112-0002-1300-00,"-78,565.87",0,0,"-78,565.87"
OCTUBRE,B. PASIVO,10. Proveedores,2110-0000-0000-00  Cuentas por pagar a corto plazo,2112-0000-0000-00  Proveedores por Pagar a Corto Plazo,2112-0002-1300-00,"-78,565.87",0,0,"-78,565.87"
SEPTIEMBRE,B. PASIVO,10. Proveedores,2110-0000-0000-00  Cuentas por pagar a corto plazo,2112-0000-0000-00  Proveedores por Pagar a Corto Plazo,2112-0002-1300-00,"-78,565.87",0,0,"-78,565.87"
ENERO,B. PASIVO,10. Proveedores,2110-0000-0000-00  Cuentas por pagar a corto plazo,2112-0000-0000-00  Proveedores por Pagar a Corto Plazo,2112-0002-1606-00,"-61,578.60",0,0,"-61,578.60"
FEBRERO,B. PASIVO,10. Proveedores,2110-0000-0000-00  Cuentas por pagar a corto plazo,2112-0000-0000-00  Proveedores por Pagar a Corto Plazo,2112-0002-1606-00,"-61,578.60",0,0,"-61,578.60"
MAYO,B. PASIVO,10. Proveedores,2110-0000-0000-00  Cuentas por pagar a corto plazo,2112-0000-0000-00  Proveedores por Pagar a Corto Plazo,2112-0002-1606-00,"-61,578.60",0,0,"-61,578.60"
JUNIO,B. PASIVO,10. Proveedores,2110-0000-0000-00  Cuentas por pagar a corto plazo,2112-0000-0000-00  Proveedores por Pagar a Corto Plazo,2112-0002-1606-00,"-61,578.60",0,0,"-61,578.60"
JULIO,B. PASIVO,10. Proveedores,2110-0000-0000-00  Cuentas por pagar a corto plazo,2112-0000-0000-00  Proveedores por Pagar a Corto Plazo,2112-0002-1606-00,"-61,578.60",0,0,"-61,578.60"
AGOSTO,B. PASIVO,10. Proveedores,2110-0000-0000-00  Cuentas por pagar a corto plazo,2112-0000-0000-00  Proveedores por Pagar a Corto Plazo,2112-0002-1606-00,"-61,578.60",0,0,"-61,578.60"
ENERO,B. PASIVO,13. Remuneraciones por pagar,2110-0000-0000-00  Cuentas por pagar a corto plazo,2111-0000-0000-00  Servicios personales a Pagar a Corto Plazo,2111-2031-0000-00,"-61,000.00",0,0,"-61,000.00"
FEBRERO,B. PASIVO,13. Remuneraciones por pagar,2110-0000-0000-00  Cuentas por pagar a corto plazo,2111-0000-0000-00  Servicios personales a Pagar a Corto Plazo,2111-2031-0000-00,"-61,000.00",0,0,"-61,000.00"
JULIO,E. EGRESOS,25. Materiales y suministros,5120-0000-0000-00  Materiales y Suministros,"5127-0000-0000-00  Vestuarios, Blancos, Prendas de Protección y Artículos Deportivos",5127-2721-2103-06,"-59,608.11",0,0,"-59,608.11"
AGOSTO,E. EGRESOS,25. Materiales y suministros,5120-0000-0000-00  Materiales y Suministros,"5127-0000-0000-00  Vestuarios, Blancos, Prendas de Protección y Artículos Deportivos",5127-2721-2103-06,"-59,608.11",0,0,"-59,608.11"
DICIEMBRE,E. EGRESOS,25. Materiales y suministros,5120-0000-0000-00  Materiales y Suministros,"5127-0000-0000-00  Vestuarios, Blancos, Prendas de Protección y Artículos Deportivos",5127-2721-2103-06,"-59,608.11",0,0,"-59,608.11"
NOVIEMBRE,E. EGRESOS,25. Materiales y suministros,5120-0000-0000-00  Materiales y Suministros,"5127-0000-0000-00  Vestuarios, Blancos, Prendas de Protección y Artículos Deportivos",5127-2721-2103-06,"-59,608.11",0,0,"-59,608.11"
OCTUBRE,E. EGRESOS,25. Materiales y suministros,5120-0000-0000-00  Materiales y Suministros,"5127-0000-0000-00  Vestuarios, Blancos, Prendas de Protección y Artículos Deportivos",5127-2721-2103-06,"-59,608.11",0,0,"-59,608.11"
SEPTIEMBRE,E. EGRESOS,25. Materiales y suministros,5120-0000-0000-00  Materiales y Suministros,"5127-0000-0000-00  Vestuarios, Blancos, Prendas de Protección y Artículos Deportivos",5127-2721-2103-06,"-59,608.11",0,0,"-59,608.11"
ENERO,B. PASIVO,10. Proveedores,2110-0000-0000-00  Cuentas por pagar a corto plazo,2112-0000-0000-00  Proveedores por Pagar a Corto Plazo,2112-0002-0510-00,"-44,880.98",0,0,"-44,880.98"
ENERO,B. PASIVO,10. Proveedores,2110-0000-0000-00  Cuentas por pagar a corto plazo,2112-0000-0000-00  Proveedores por Pagar a Corto Plazo,2112-0002-0801-00,"-39,150.00",0,0,"-39,150.00"
ENERO,B. PASIVO,10. Proveedores,2110-0000-0000-00  Cuentas por pagar a corto plazo,2112-0000-0000-00  Proveedores por Pagar a Corto Plazo,2112-0002-1207-00,"-31,974.24",0,0,"-31,974.24"
ENERO,B. PASIVO,10. Proveedores,2110-0000-0000-00  Cuentas por pagar a corto plazo,2112-0000-0000-00  Proveedores por Pagar a Corto Plazo,2112-0002-0903-00,"-31,482.45",0,0,"-31,482.45"
ENERO,B. PASIVO,10. Proveedores,2110-0000-0000-00  Cuentas por pagar a corto plazo,2112-0000-0000-00  Proveedores por Pagar a Corto Plazo,2112-0002-1905-00,"-31,444.36",0,0,"-31,444.36"
ENERO,B. PASIVO,10. Proveedores,2110-0000-0000-00  Cuentas por pagar a corto plazo,2112-0000-0000-00  Proveedores por Pagar a Corto Plazo,2112-0002-2004-00,"-30,525.00",0,0,"-30,525.00"
ENERO,B. PASIVO,10. Proveedores,2110-0000-0000-00  Cuentas por pagar a corto plazo,2112-0000-0000-00  Proveedores por Pagar a Corto Plazo,2112-0002-1901-00,"-30,120.00",0,0,"-30,120.00"
ENERO,B. PASIVO,10. Proveedores,2110-0000-0000-00  Cuentas por pagar a corto plazo,2112-0000-0000-00  Proveedores por Pagar a Corto Plazo,2112-0002-0709-00,"-29,545.44",0,0,"-29,545.44"
ENERO,B. PASIVO,10. Proveedores,2110-0000-0000-00  Cuentas por pagar a corto plazo,2112-0000-0000-00  Proveedores por Pagar a Corto Plazo,2112-0002-1200-00,"-29,481.40",0,0,"-29,481.40"
FEBRERO,B. PASIVO,10. Proveedores,2110-0000-0000-00  Cuentas por pagar a corto plazo,2112-0000-0000-00  Proveedores por Pagar a Corto Plazo,2112-0002-1200-00,"-29,481.40",0,0,"-29,481.40"
MARZO,B. PASIVO,10. Proveedores,2110-0000-0000-00  Cuentas por pagar a corto plazo,2112-0000-0000-00  Proveedores por Pagar a Corto Plazo,2112-0002-1200-00,"-29,481.40",0,0,"-29,481.40"
ABRIL,B. PASIVO,10. Proveedores,2110-0000-0000-00  Cuentas por pagar a corto plazo,2112-0000-0000-00  Proveedores por Pagar a Corto Plazo,2112-0002-1200-00,"-29,481.40",0,0,"-29,481.40"
ENERO,B. PASIVO,10. Proveedores,2110-0000-0000-00  Cuentas por pagar a corto plazo,2112-0000-0000-00  Proveedores por Pagar a Corto Plazo,2112-0002-0400-00,"-25,298.00",0,0,"-25,298.00"
OCTUBRE,B. PASIVO,10. Proveedores,2110-0000-0000-00  Cuentas por pagar a corto plazo,2112-0000-0000-00  Proveedores por Pagar a Corto Plazo,2112-0002-0203-00,"-24,429.60",0,0,"-24,429.60"
DICIEMBRE,B. PASIVO,15. Otros pasivos a corto plazo,2110-0000-0000-00  Cuentas por pagar a corto plazo,2119-0000-0000-00  Otras cuentas por Pagar a Corto Plazo,2119-4104-0000-00,"-23,622.88",0,0,"-23,622.88"
ENERO,B. PASIVO,10. Proveedores,2110-0000-0000-00  Cuentas por pagar a corto plazo,2112-0000-0000-00  Proveedores por Pagar a Corto Plazo,2112-0002-0203-00,"-23,490.00",0,0,"-23,490.00"
ENERO,B. PASIVO,10. Proveedores,2110-0000-0000-00  Cuentas por pagar a corto plazo,2112-0000-0000-00  Proveedores por Pagar a Corto Plazo,2112-0002-0107-00,"-22,661.76",0,0,"-22,661.76"
NOVIEMBRE,E. EGRESOS,25. Materiales y suministros,5120-0000-0000-00  Materiales y Suministros,5124-0000-0000-00  Materiales y Artículos de Construcción y Reparación,5124-2461-2103-06,"-22,003.56",0,0,"-22,003.56"
OCTUBRE,E. EGRESOS,25. Materiales y suministros,5120-0000-0000-00  Materiales y Suministros,5124-0000-0000-00  Materiales y Artículos de Construcción y Reparación,5124-2461-2103-06,"-22,003.56",0,0,"-22,003.56"
SEPTIEMBRE,E. EGRESOS,25. Materiales y suministros,5120-0000-0000-00  Materiales y Suministros,5124-0000-0000-00  Materiales y Artículos de Construcción y Reparación,5124-2461-2103-06,"-22,003.56",0,0,"-22,003.56"
MARZO,A. ACTIVO,3. Deudores Diversos,1120-0000-0000-00  Derechos a recibir Efectivo o Equivalentes,1123-0000-0000-00  Deudores Diversos por Cobrar a Corto Plazo,1123-1000-0000-00,"-18,186.16",0,0,"-18,186.16"
ABRIL,A. ACTIVO,3. Deudores Diversos,1120-0000-0000-00  Derechos a recibir Efectivo o Equivalentes,1123-0000-0000-00  Deudores Diversos por Cobrar a Corto Plazo,1123-1000-0000-00,"-18,186.16",0,0,"-18,186.16"
MAYO,A. ACTIVO,3. Deudores Diversos,1120-0000-0000-00  Derechos a recibir Efectivo o Equivalentes,1123-0000-0000-00  Deudores Diversos por Cobrar a Corto Plazo,1123-1000-0000-00,"-18,186.16",0,0,"-18,186.16"
JUNIO,A. ACTIVO,3. Deudores Diversos,1120-0000-0000-00  Derechos a recibir Efectivo o Equivalentes,1123-0000-0000-00  Deudores Diversos por Cobrar a Corto Plazo,1123-1000-0000-00,"-18,186.16",0,0,"-18,186.16"
JULIO,A. ACTIVO,3. Deudores Diversos,1120-0000-0000-00  Derechos a recibir Efectivo o Equivalentes,1123-0000-0000-00  Deudores Diversos por Cobrar a Corto Plazo,1123-1000-0000-00,"-18,186.16",0,0,"-18,186.16"
AGOSTO,A. ACTIVO,3. Deudores Diversos,1120-0000-0000-00  Derechos a recibir Efectivo o Equivalentes,1123-0000-0000-00  Deudores Diversos por Cobrar a Corto Plazo,1123-1000-0000-00,"-18,186.16",0,0,"-18,186.16"
ENERO,B. PASIVO,10. Proveedores,2110-0000-0000-00  Cuentas por pagar a corto plazo,2112-0000-0000-00  Proveedores por Pagar a Corto Plazo,2112-0002-1304-00,"-17,237.60",0,0,"-17,237.60"
MAYO,B. PASIVO,11. Impuestos y Derechos por pagar,2110-0000-0000-00  Cuentas por pagar a corto plazo,2117-0000-0000-00  Retenciones y Contribuciones por Pagar a Corto Plazo,2117-1005-0000-00,"-15,299.62",0,0,"-15,299.62"
AGOSTO,B. PASIVO,10. Proveedores,2110-0000-0000-00  Cuentas por pagar a corto plazo,2112-0000-0000-00  Proveedores por Pagar a Corto Plazo,2112-0002-0521-00,"-13,632.32",0,0,"-13,632.32"
ENERO,B. PASIVO,11. Impuestos y Derechos por pagar,2110-0000-0000-00  Cuentas por pagar a corto plazo,2117-0000-0000-00  Retenciones y Contribuciones por Pagar a Corto Plazo,2117-1005-0000-00,"-13,447.73",0,0,"-13,447.73"
FEBRERO,B. PASIVO,11. Impuestos y Derechos por pagar,2110-0000-0000-00  Cuentas por pagar a corto plazo,2117-0000-0000-00  Retenciones y Contribuciones por Pagar a Corto Plazo,2117-1005-0000-00,"-13,447.73",0,0,"-13,447.73"
JULIO,B. PASIVO,11. Impuestos y Derechos por pagar,2110-0000-0000-00  Cuentas por pagar a corto plazo,2117-0000-0000-00  Retenciones y Contribuciones por Pagar a Corto Plazo,2117-1005-0000-00,"-12,645.85",0,0,"-12,645.85"
AGOSTO,B. PASIVO,11. Impuestos y Derechos por pagar,2110-0000-0000-00  Cuentas por pagar a corto plazo,2117-0000-0000-00  Retenciones y Contribuciones por Pagar a Corto Plazo,2117-1005-0000-00,"-12,645.85",0,0,"-12,645.85"
OCTUBRE,B. PASIVO,11. Impuestos y Derechos por pagar,2110-0000-0000-00  Cuentas por pagar a corto plazo,2117-0000-0000-00  Retenciones y Contribuciones por Pagar a Corto Plazo,2117-1005-0000-00,"-12,645.85",0,0,"-12,645.85"
SEPTIEMBRE,B. PASIVO,11. Impuestos y Derechos por pagar,2110-0000-0000-00  Cuentas por pagar a corto plazo,2117-0000-0000-00  Retenciones y Contribuciones por Pagar a Corto Plazo,2117-1005-0000-00,"-12,645.85",0,0,"-12,645.85"
ENERO,B. PASIVO,10. Proveedores,2110-0000-0000-00  Cuentas por pagar a corto plazo,2112-0000-0000-00  Proveedores por Pagar a Corto Plazo,2112-0002-1803-00,"-10,034.00",0,0,"-10,034.00"
ENERO,B. PASIVO,10. Proveedores,2110-0000-0000-00  Cuentas por pagar a corto plazo,2112-0000-0000-00  Proveedores por Pagar a Corto Plazo,2112-0002-2103-00,"-9,256.80",0,0,"-9,256.80"
NOVIEMBRE,E. EGRESOS,25. Materiales y suministros,5120-0000-0000-00  Materiales y Suministros,5124-0000-0000-00  Materiales y Artículos de Construcción y Reparación,5124-2471-2103-06,"-7,659.40",0,0,"-7,659.40"
OCTUBRE,E. EGRESOS,25. Materiales y suministros,5120-0000-0000-00  Materiales y Suministros,5124-0000-0000-00  Materiales y Artículos de Construcción y Reparación,5124-2471-2103-06,"-7,659.40",0,0,"-7,659.40"
SEPTIEMBRE,E. EGRESOS,25. Materiales y suministros,5120-0000-0000-00  Materiales y Suministros,5124-0000-0000-00  Materiales y Artículos de Construcción y Reparación,5124-2471-2103-06,"-7,659.40",0,0,"-7,659.40"
OCTUBRE,B. PASIVO,15. Otros pasivos a corto plazo,2110-0000-0000-00  Cuentas por pagar a corto plazo,2119-0000-0000-00  Otras cuentas por Pagar a Corto Plazo,2119-4104-0000-00,"-6,947.92",0,0,"-6,947.92"
JULIO,E. EGRESOS,25. Materiales y suministros,5120-0000-0000-00  Materiales y Suministros,5124-0000-0000-00  Materiales y Artículos de Construcción y Reparación,5124-2461-2301-06,"-3,613.45",0,0,"-3,613.45"
AGOSTO,E. EGRESOS,25. Materiales y suministros,5120-0000-0000-00  Materiales y Suministros,5124-0000-0000-00  Materiales y Artículos de Construcción y Reparación,5124-2461-2301-06,"-3,613.45",0,0,"-3,613.45"
DICIEMBRE,E. EGRESOS,25. Materiales y suministros,5120-0000-0000-00  Materiales y Suministros,5124-0000-0000-00  Materiales y Artículos de Construcción y Reparación,5124-2461-2301-06,"-3,514.00",0,0,"-3,514.00"
NOVIEMBRE,E. EGRESOS,25. Materiales y suministros,5120-0000-0000-00  Materiales y Suministros,5124-0000-0000-00  Materiales y Artículos de Construcción y Reparación,5124-2461-2301-06,"-3,514.00",0,0,"-3,514.00"
OCTUBRE,E. EGRESOS,25. Materiales y suministros,5120-0000-0000-00  Materiales y Suministros,5124-0000-0000-00  Materiales y Artículos de Construcción y Reparación,5124-2461-2301-06,"-3,514.00",0,0,"-3,514.00"
AGOSTO,B. PASIVO,10. Proveedores,2110-0000-0000-00  Cuentas por pagar a corto plazo,2112-0000-0000-00  Proveedores por Pagar a Corto Plazo,2112-0002-2300-00,"-1,819.00",0,0,"-1,819.00"
ENERO,B. PASIVO,10. Proveedores,2110-0000-0000-00  Cuentas por pagar a corto plazo,2112-0000-0000-00  Proveedores por Pagar a Corto Plazo,2112-0002-2007-00,"-1,130.77",0,0,"-1,130.77"
ENERO,B. PASIVO,15. Otros pasivos a corto plazo,2110-0000-0000-00  Cuentas por pagar a corto plazo,2119-0000-0000-00  Otras cuentas por Pagar a Corto Plazo,2119-9000-0001-00,-628,0,0,-628
FEBRERO,B. PASIVO,15. Otros pasivos a corto plazo,2110-0000-0000-00  Cuentas por pagar a corto plazo,2119-0000-0000-00  Otras cuentas por Pagar a Corto Plazo,2119-9000-0001-00,-628,0,0,-628
MARZO,B. PASIVO,15. Otros pasivos a corto plazo,2110-0000-0000-00  Cuentas por pagar a corto plazo,2119-0000-0000-00  Otras cuentas por Pagar a Corto Plazo,2119-9000-0001-00,-628,0,0,-628
ABRIL,B. PASIVO,15. Otros pasivos a corto plazo,2110-0000-0000-00  Cuentas por pagar a corto plazo,2119-0000-0000-00  Otras cuentas por Pagar a Corto Plazo,2119-9000-0001-00,-628,0,0,-628
MAYO,B. PASIVO,15. Otros pasivos a corto plazo,2110-0000-0000-00  Cuentas por pagar a corto plazo,2119-0000-0000-00  Otras cuentas por Pagar a Corto Plazo,2119-9000-0001-00,-628,0,0,-628
JUNIO,B. PASIVO,15. Otros pasivos a corto plazo,2110-0000-0000-00  Cuentas por pagar a corto plazo,2119-0000-0000-00  Otras cuentas por Pagar a Corto Plazo,2119-9000-0001-00,-628,0,0,-628
JULIO,B. PASIVO,15. Otros pasivos a corto plazo,2110-0000-0000-00  Cuentas por pagar a corto plazo,2119-0000-0000-00  Otras cuentas por Pagar a Corto Plazo,2119-9000-0001-00,-628,0,0,-628
AGOSTO,B. PASIVO,15. Otros pasivos a corto plazo,2110-0000-0000-00  Cuentas por pagar a corto plazo,2119-0000-0000-00  Otras cuentas por Pagar a Corto Plazo,2119-9000-0001-00,-628,0,0,-628
DICIEMBRE,B. PASIVO,15. Otros pasivos a corto plazo,2110-0000-0000-00  Cuentas por pagar a corto plazo,2119-0000-0000-00  Otras cuentas por Pagar a Corto Plazo,2119-9000-0001-00,-628,0,0,-628
NOVIEMBRE,B. PASIVO,15. Otros pasivos a corto plazo,2110-0000-0000-00  Cuentas por pagar a corto plazo,2119-0000-0000-00  Otras cuentas por Pagar a Corto Plazo,2119-9000-0001-00,-628,0,0,-628
OCTUBRE,B. PASIVO,15. Otros pasivos a corto plazo,2110-0000-0000-00  Cuentas por pagar a corto plazo,2119-0000-0000-00  Otras cuentas por Pagar a Corto Plazo,2119-9000-0001-00,-628,0,0,-628
SEPTIEMBRE,B. PASIVO,15. Otros pasivos a corto plazo,2110-0000-0000-00  Cuentas por pagar a corto plazo,2119-0000-0000-00  Otras cuentas por Pagar a Corto Plazo,2119-9000-0001-00,-628,0,0,-628
JULIO,B. PASIVO,11. Impuestos y Derechos por pagar,2110-0000-0000-00  Cuentas por pagar a corto plazo,2170-0000-0000-00  Provisión a Corto Plazo,2171-0002-0000-00,-613.53,0,0,-613.53
AGOSTO,B. PASIVO,11. Impuestos y Derechos por pagar,2110-0000-0000-00  Cuentas por pagar a corto plazo,2170-0000-0000-00  Provisión a Corto Plazo,2171-0002-0000-00,-613.53,0,0,-613.53
MARZO,A. ACTIVO,3. Deudores Diversos,1120-0000-0000-00  Derechos a recibir Efectivo o Equivalentes,1126-0000-0000-00  Préstamos Personales Emergentes,1126-0000-0011-00,-416.67,0,0,-416.67
ABRIL,A. ACTIVO,3. Deudores Diversos,1120-0000-0000-00  Derechos a recibir Efectivo o Equivalentes,1126-0000-0000-00  Préstamos Personales Emergentes,1126-0000-0031-00,-416.67,0,0,-416.67
ABRIL,B. PASIVO,15. Otros pasivos a corto plazo,2110-0000-0000-00  Cuentas por pagar a corto plazo,2119-0000-0000-00  Otras cuentas por Pagar a Corto Plazo,2119-9000-0003-00,-3.03,0,0,-3.03
MAYO,B. PASIVO,15. Otros pasivos a corto plazo,2110-0000-0000-00  Cuentas por pagar a corto plazo,2119-0000-0000-00  Otras cuentas por Pagar a Corto Plazo,2119-9000-0003-00,-3.03,0,0,-3.03
AGOSTO,B. PASIVO,15. Otros pasivos a corto plazo,2110-0000-0000-00  Cuentas por pagar a corto plazo,2119-0000-0000-00  Otras cuentas por Pagar a Corto Plazo,2119-9000-0003-00,-3.03,0,0,-3.03
SEPTIEMBRE,B. PASIVO,15. Otros pasivos a corto plazo,2110-0000-0000-00  Cuentas por pagar a corto plazo,2119-0000-0000-00  Otras cuentas por Pagar a Corto Plazo,2119-9000-0003-00,-3.03,0,0,-3.03
FEBRERO,E. EGRESOS,24. Servicios personales,5110-0000-0000-00  Servicios Personales,5115-0000-0000-00  Otras Prestaciones Sociales y Económicas,5115-1545-2704-06,-1,0,0,-1
OCTUBRE,A. ACTIVO,3. Deudores Diversos,1120-0000-0000-00  Derechos a recibir Efectivo o Equivalentes,1125-0000-0000-00  Deudores por Anticipos de la Tesorería a Corto Plazo,1125-2011-0045-00,-0.68,0,0,-0.68
SEPTIEMBRE,A. ACTIVO,3. Deudores Diversos,1120-0000-0000-00  Derechos a recibir Efectivo o Equivalentes,1125-0000-0000-00  Deudores por Anticipos de la Tesorería a Corto Plazo,1125-2011-0045-00,-0.68,0,0,-0.68
AGOSTO,A. ACTIVO,3. Deudores Diversos,1120-0000-0000-00  Derechos a recibir Efectivo o Equivalentes,1125-0000-0000-00  Deudores por Anticipos de la Tesorería a Corto Plazo,1125-2011-0048-00,-0.68,0,0,-0.68
OCTUBRE,A. ACTIVO,3. Deudores Diversos,1120-0000-0000-00  Derechos a recibir Efectivo o Equivalentes,1125-0000-0000-00  Deudores por Anticipos de la Tesorería a Corto Plazo,1125-2011-0048-00,-0.68,0,0,-0.68
SEPTIEMBRE,A. ACTIVO,3. Deudores Diversos,1120-0000-0000-00  Derechos a recibir Efectivo o Equivalentes,1125-0000-0000-00  Deudores por Anticipos de la Tesorería a Corto Plazo,1125-2011-0048-00,-0.68,0,0,-0.68
FEBRERO,E. EGRESOS,26. Servicios Generales,5130-0000-0000-00  Servicios Generales,"5135-0000-0000-00  Servicios de Instalación, Reparación, Mantenimiento y Conservación",5135-3571-2104-06,-0.27,0,0,-0.27
AGOSTO,A. ACTIVO,3. Deudores Diversos,1120-0000-0000-00  Derechos a recibir Efectivo o Equivalentes,1126-0000-0000-00  Préstamos Personales Emergentes,1126-0000-0001-00,-0.04,0,0,-0.04
SEPTIEMBRE,A. ACTIVO,3. Deudores Diversos,1120-0000-0000-00  Derechos a recibir Efectivo o Equivalentes,1126-0000-0000-00  Préstamos Personales Emergentes,1126-0000-0001-00,-0.04,0,0,-0.04
AGOSTO,A. ACTIVO,3. Deudores Diversos,1120-0000-0000-00  Derechos a recibir Efectivo o Equivalentes,1126-0000-0000-00  Préstamos Personales Emergentes,1126-0000-0002-00,-0.04,0,0,-0.04
SEPTIEMBRE,A. ACTIVO,3. Deudores Diversos,1120-0000-0000-00  Derechos a recibir Efectivo o Equivalentes,1126-0000-0000-00  Préstamos Personales Emergentes,1126-0000-0002-00,-0.04,0,0,-0.04
AGOSTO,A. ACTIVO,3. Deudores Diversos,1120-0000-0000-00  Derechos a recibir Efectivo o Equivalentes,1126-0000-0000-00  Préstamos Personales Emergentes,1126-0000-0003-00,-0.04,0,0,-0.04
SEPTIEMBRE,A. ACTIVO,3. Deudores Diversos,1120-0000-0000-00  Derechos a recibir Efectivo o Equivalentes,1126-0000-0000-00  Préstamos Personales Emergentes,1126-0000-0003-00,-0.04,0,0,-0.04
AGOSTO,A. ACTIVO,3. Deudores Diversos,1120-0000-0000-00  Derechos a recibir Efectivo o Equivalentes,1126-0000-0000-00  Préstamos Personales Emergentes,1126-0000-0004-00,-0.04,0,0,-0.04
SEPTIEMBRE,A. ACTIVO,3. Deudores Diversos,1120-0000-0000-00  Derechos a recibir Efectivo o Equivalentes,1126-0000-0000-00  Préstamos Personales Emergentes,1126-0000-0004-00,-0.04,0,0,-0.04
AGOSTO,A. ACTIVO,3. Deudores Diversos,1120-0000-0000-00  Derechos a recibir Efectivo o Equivalentes,1126-0000-0000-00  Préstamos Personales Emergentes,1126-0000-0005-00,-0.04,0,0,-0.04
SEPTIEMBRE,A. ACTIVO,3. Deudores Diversos,1120-0000-0000-00  Derechos a recibir Efectivo o Equivalentes,1126-0000-0000-00  Préstamos Personales Emergentes,1126-0000-0005-00,-0.04,0,0,-0.04
AGOSTO,A. ACTIVO,3. Deudores Diversos,1120-0000-0000-00  Derechos a recibir Efectivo o Equivalentes,1126-0000-0000-00  Préstamos Personales Emergentes,1126-0000-0006-00,-0.04,0,0,-0.04